Date,Open,High,Low,Close,Volume,Dividends,Stock Splits
2021-01-04,146.636,147.192,143.316,146.28,7243400,0.0,0.0
2021-01-05,145.423,147.831,145.131,146.773,3911900,0.0,0.0
2021-01-06,144.447,150.631,144.11,148.734,4937000,0.0,0.0
2021-01-07,149.08,150.348,148.478,149.318,4144100,0.0,0.0
2021-01-08,149.345,151.634,148.706,150.54,4971200,0.0,0.0
2021-01-11,150.412,152.683,149.856,151.698,3005200,0.0,0.0
2021-01-12,151.671,155.273,150.64,154.133,4036900,0.0,0.0
2021-01-13,155.173,156.596,154.343,154.9,3291800,0.0,0.0
2021-01-14,155.374,157.408,155.027,155.41,4090900,0.0,0.0
2021-01-15,153.677,156.888,153.23,156.277,3727200,0.0,0.0
2021-01-19,158.254,159.087,156.185,156.295,4683100,0.6,0.0
2021-01-20,156.734,159.306,155.279,157.787,3899800,0.0,0.0
2021-01-21,158.885,160.24,157.668,157.741,5322600,0.0,0.0
2021-01-22,157.329,159.37,156.542,157.796,3612300,0.0,0.0
2021-01-25,158.263,160.313,156.917,159.352,4764100,0.0,0.0
2021-01-26,159.526,160.084,158.345,158.986,2496200,0.0,0.0
2021-01-27,156.551,157.302,152.89,153.503,4762700,0.0,0.0
2021-01-28,154.583,159.013,153.549,157.741,3816600,0.0,0.0
2021-01-29,157.018,157.247,152.396,152.716,4400500,0.0,0.0
2021-02-01,152.963,153.943,148.405,149.531,3898500,0.0,0.0
2021-02-02,149.998,153.577,149.595,152.542,3181900,0.0,0.0
2021-02-03,152.176,155.801,152.039,155.49,2996500,0.0,0.0
2021-02-04,156.085,158.473,155.426,158.373,2679800,0.0,0.0
2021-02-05,159.883,160.359,158.519,160.203,2562700,0.0,0.0
2021-02-08,161.073,164.029,160.643,163.993,3421800,0.0,0.0
2021-02-09,163.682,164.258,162.354,162.72,2723800,0.0,0.0
2021-02-10,163.837,163.837,160.304,162.226,2837900,0.0,0.0
2021-02-11,161.997,162.592,160.066,160.844,2783900,0.0,0.0
2021-02-12,160.881,162.62,160.551,162.153,2035500,0.0,0.0
2021-02-16,161.338,162.281,159.197,159.316,2947700,0.0,0.0
2021-02-17,159.123,162.437,158.803,162.125,2244100,0.0,0.0
2021-02-18,161.055,162.968,160.496,162.153,2758700,0.0,0.0
2021-02-19,162.473,163.929,161.805,162.501,2842000,0.0,0.0
2021-02-22,161.293,161.54,157.613,157.805,3767700,0.0,0.0
2021-02-23,156.286,156.432,151.023,154.309,5149500,0.0,0.0
2021-02-24,154.373,155.242,146.547,148.561,9972300,0.0,0.0
2021-02-25,149.641,149.65,144.57,145.092,6639300,0.0,0.0
2021-02-26,146.758,148.662,145.65,146.218,6030400,0.0,0.0
2021-03-01,147.142,149.65,147.142,148.222,3361100,0.0,0.0
2021-03-02,148.671,150.831,148.643,149.238,4330900,0.0,0.0
2021-03-03,148.451,149.037,144.826,144.881,5238500,0.0,0.0
2021-03-04,143.856,144.872,138.062,140.744,7792700,0.0,0.0
2021-03-05,141.824,145.614,138.273,145.147,5143100,0.0,0.0
2021-03-08,146.209,151.298,145.797,149.119,4613400,0.0,0.0
2021-03-09,151.7,154.886,151.023,151.929,4585200,0.0,0.0
2021-03-10,152.854,155.966,152.359,154.19,3394900,0.0,0.0
2021-03-11,156.35,158.464,155.929,156.286,4989600,0.0,0.0
2021-03-12,155.673,157.274,154.895,157.018,3638700,0.0,0.0
2021-03-15,157.943,160.46,157.943,159.444,3745200,0.0,0.0
2021-03-16,159.279,161.567,159.233,160.478,3737200,0.0,0.0
2021-03-17,160.002,161.018,159.151,159.663,3119900,0.0,0.0
2021-03-18,158.263,161.668,157.714,160.057,3888100,0.0,0.0
2021-03-19,159.48,165.256,159.48,164.286,8525100,0.0,0.0
2021-03-22,164.341,168.047,163.233,166.482,4700200,0.0,0.0
2021-03-23,165.896,168.23,164.697,165.118,3324400,0.0,0.0
2021-03-24,165.777,168.551,165.347,165.375,3555400,0.0,0.0
2021-03-25,164.487,170.4,164.313,169.484,4543300,0.0,0.0
2021-03-26,170.098,175.599,169.64,175.379,4795200,0.0,0.0
2021-03-29,175.736,176.569,171.883,172.642,3970900,0.0,0.0
2021-03-30,171.059,174.839,170.885,173.924,3547600,0.0,0.0
2021-03-31,174.811,175.901,173.146,174.07,3564200,0.0,0.0
2021-04-01,175.004,175.626,173.622,175.113,3192200,0.0,0.0
2021-04-05,175.608,178.18,175.049,177.319,3507200,0.0,0.0
2021-04-06,176.55,178.454,176.184,177.749,2917700,0.0,0.0
2021-04-07,177.109,178.253,176.358,177.264,3276300,0.0,0.0
2021-04-08,177.814,178.582,176.917,177.759,2684300,0.0,0.0
2021-04-09,178.848,181.841,177.841,181.694,3168500,0.0,0.0
2021-04-12,181.374,183.955,181.374,183.653,3647900,0.0,0.0
2021-04-13,183.708,184.175,182.161,182.802,2964500,0.0,0.0
2021-04-14,184.019,186.884,183.717,184.449,3371900,0.0,0.0
2021-04-15,183.653,187.699,183.617,187.241,3656300,0.0,0.0
2021-04-16,189.072,191.277,187.882,190.609,6359800,0.0,0.0
2021-04-19,188.559,189.731,186.253,186.728,3828800,0.0,0.0
2021-04-20,186.738,187.27,183.993,186.141,3006200,0.6,0.0
2021-04-21,187.087,188.124,186.554,187.187,2716600,0.0,0.0
2021-04-22,187.16,188.05,182.9,184.792,3713000,0.0,0.0
2021-04-23,185.241,185.333,183.148,184.452,3634000,0.0,0.0
2021-04-26,184.36,184.452,182.038,182.855,3017000,0.0,0.0
2021-04-27,183.662,184.635,182.386,182.726,3453900,0.0,0.0
2021-04-28,183.359,183.451,179.651,179.981,4939200,0.0,0.0
2021-04-29,181.129,183.075,180.78,182.166,3860200,0.0,0.0
2021-04-30,181.579,182.001,179.256,180.156,4255500,0.0,0.0
2021-05-03,182.451,183.672,181.643,182.864,4629500,0.0,0.0
2021-05-04,182.405,184.048,180.642,183.874,4150100,0.0,0.0
2021-05-05,185.012,186.444,182.497,183.598,3715300,0.0,0.0
2021-05-06,184.792,189.161,183.993,189.051,4525200,0.0,0.0
2021-05-07,189.161,192.08,187.913,191.309,3694800,0.0,0.0
2021-05-10,192.356,197.57,191.41,193.981,4476900,0.0,0.0
2021-05-11,190.951,192.466,184.718,188.5,4449200,0.0,0.0
2021-05-12,186.536,187.243,178.825,179.504,5406600,0.0,0.0
2021-05-13,181.606,186.123,181.395,183.91,4494000,0.0,0.0
2021-05-14,185.168,185.636,181.046,182.598,3743000,0.0,0.0
2021-05-17,181.432,182.405,176.374,178.21,5798800,0.0,0.0
2021-05-18,178.09,179.926,175.997,176.943,5691500,0.0,0.0
2021-05-19,173.996,175.933,171.095,175.079,6797900,0.0,0.0
2021-05-20,176.034,178.907,175.685,177.549,4397700,0.0,0.0
2021-05-21,178.411,179.807,175.639,176.686,4032700,0.0,0.0
2021-05-24,177.393,177.65,174.886,175.024,3396200,0.0,0.0
2021-05-25,175.492,177.475,174.978,177.191,4089300,0.0,0.0
2021-05-26,176.796,178.32,176.732,177.723,3565600,0.0,0.0
2021-05-27,178.402,179.577,177.695,177.879,5126500,0.0,0.0
2021-05-28,180.844,181.615,178.714,178.852,3619400,0.0,0.0
2021-06-01,179.008,180.018,175.832,176.117,4105600,0.0,0.0
2021-06-02,176.53,177.337,174.473,175.125,3997700,0.0,0.0
2021-06-03,174.418,175.18,173.023,174.694,3469200,0.0,0.0
2021-06-04,174.767,175.694,172.848,174.336,4210500,0.0,0.0
2021-06-07,174.372,175.437,173.078,174.648,2913500,0.0,0.0
2021-06-08,175.483,176.888,174.648,175.703,3604600,0.0,0.0
2021-06-09,176.254,176.713,174.749,174.969,3638900,0.0,0.0
2021-06-10,175.217,175.933,171.986,173.298,3905800,0.0,0.0
2021-06-11,174.308,175.97,173.776,175.162,3127800,0.0,0.0
2021-06-14,174.528,174.877,172.775,174.106,3257700,0.0,0.0
2021-06-15,173.932,174.097,171.435,172.472,4472600,0.0,0.0
2021-06-16,172.582,172.766,169.443,170.93,4175800,0.0,0.0
2021-06-17,171.205,172.729,169.333,171.517,4260900,0.0,0.0
2021-06-18,169.58,172.49,169.36,171.554,9316900,0.0,0.0
2021-06-21,172.555,174.914,172.298,173.39,4539400,0.0,0.0
2021-06-22,174.345,176.878,174.024,175.997,3995700,0.0,0.0
2021-06-23,175.474,176.41,175.199,175.465,2835900,0.0,0.0
2021-06-24,176.878,177.255,175.272,176.025,2767800,0.0,0.0
2021-06-25,176.364,177.044,175.52,176.86,4149500,0.0,0.0
2021-06-28,176.796,178.246,175.685,177.365,2510600,0.0,0.0
2021-06-29,177.209,179.788,177.209,178.274,2628800,0.0,0.0
2021-06-30,178.21,179.247,177.952,178.063,2715900,0.0,0.0
2021-07-01,178.549,180.018,177.953,179.761,2456300,0.0,0.0
2021-07-02,180.284,180.404,179.201,179.66,2553000,0.0,0.0
2021-07-06,179.743,180.275,176.97,178.779,2588300,0.0,0.0
2021-07-07,177.787,180.348,177.438,179.816,3647100,0.0,0.0
2021-07-08,177.53,178.228,175.483,176.989,3993600,0.0,0.0
2021-07-09,178.255,180.615,178.255,179.311,2436300,0.0,0.0
2021-07-12,178.916,180.312,178.375,179.531,2405600,0.0,0.0
2021-07-13,179.862,180.064,177.852,178.347,3191900,0.0,0.0
2021-07-14,179.164,179.375,176.805,176.934,2943300,0.0,0.0
2021-07-15,175.814,179.862,175.814,179.697,3188000,0.0,0.0
2021-07-16,180.789,182.552,179.761,180.055,4920700,0.0,0.0
2021-07-19,176.236,177.787,174.455,177.08,5214000,0.0,0.0
2021-07-20,176.693,180.132,176.223,178.933,2882400,0.8,0.0
2021-07-21,179.348,180.15,178.767,179.874,2112900,0.0,0.0
2021-07-22,180.777,181.56,179.56,181.385,3244100,0.0,0.0
2021-07-23,182.519,185.672,182.16,185.137,3358100,0.0,0.0
2021-07-26,180.961,182.436,178.684,182.279,3422200,0.0,0.0
2021-07-27,182.224,182.261,176.518,178.38,4106100,0.0,0.0
2021-07-28,178.528,180.113,176.988,177.348,2152500,0.0,0.0
2021-07-29,178.14,179.127,176.951,178.482,2532800,0.0,0.0
2021-07-30,177.541,180.03,177.375,177.624,2841600,0.0,0.0
2021-08-02,178.657,179.035,175.928,176.03,3051700,0.0,0.0
2021-08-03,176.601,179.394,176.5,178.786,2335100,0.0,0.0
2021-08-04,177.965,179.09,174.969,175.052,3162200,0.0,0.0
2021-08-05,176.039,177.523,175.135,175.771,2335500,0.0,0.0
2021-08-06,176.739,177.541,174.979,175.292,2855000,0.0,0.0
2021-08-09,174.914,175.292,173.153,173.292,2296200,0.0,0.0
2021-08-10,173.43,175.937,172.72,174.896,2548300,0.0,0.0
2021-08-11,176.334,179.486,176.066,179.311,3367300,0.0,0.0
2021-08-12,179.072,179.68,175.873,176.988,2753600,0.0,0.0
2021-08-13,176.924,177.311,174.923,175.615,2400900,0.0,0.0
2021-08-16,175.089,178.73,174.352,178.352,3485800,0.0,0.0
2021-08-17,172.776,173.163,167.844,168.01,8256400,0.0,0.0
2021-08-18,174.453,187.792,173.762,184.114,16992700,0.0,0.0
2021-08-19,183.21,187.423,182.943,186.75,5378300,0.0,0.0
2021-08-20,186.898,192.558,186.723,191.931,4915700,0.0,0.0
2021-08-23,192.484,193.111,189.645,189.949,4195200,0.0,0.0
2021-08-24,190.041,190.308,186.99,187.488,4110400,0.0,0.0
2021-08-25,187.506,190.659,187.193,190.06,2628800,0.0,0.0
2021-08-26,189.239,190.797,188.096,189.571,3250400,0.0,0.0
2021-08-27,189.313,191.304,188.741,189.801,3128100,0.0,0.0
2021-08-30,192.152,193.037,188.87,188.963,3986100,0.0,0.0
2021-08-31,190.235,190.437,187.432,187.949,4877800,0.0,0.0
2021-09-01,188.557,189.009,185.792,187.525,2835000,0.0,0.0
2021-09-02,187.838,190.474,187.773,190.032,2655800,0.0,0.0
2021-09-03,188.88,190.659,188.188,189.875,2260900,0.0,0.0
2021-09-07,189.617,191.037,188.889,189.11,2591900,0.0,0.0
2021-09-08,188.373,188.437,185.745,188.133,3344800,0.0,0.0
2021-09-09,188.483,188.714,186.658,187.137,2566100,0.0,0.0
2021-09-10,188.769,190.428,188.197,188.354,2505600,0.0,0.0
2021-09-13,189.636,191.037,188.741,189.94,3159000,0.0,0.0
2021-09-14,190.401,191.193,187.976,188.207,2488600,0.0,0.0
2021-09-15,188.207,190.087,185.727,189.534,2956600,0.0,0.0
2021-09-16,189.58,192.963,189.58,192.18,3365500,0.0,0.0
2021-09-17,191.147,195.406,191.147,192.687,5835200,0.0,0.0
2021-09-20,190.373,192.161,187.156,189.221,3640400,0.0,0.0
2021-09-21,190.502,191.949,189.304,190.143,2681200,0.0,0.0
2021-09-22,191.783,193.839,190.567,192.558,3169000,0.0,0.0
2021-09-23,193.581,195.102,191.544,191.719,3128800,0.0,0.0
2021-09-24,191.802,192.475,190.714,191.617,2275800,0.0,0.0
2021-09-27,191.396,195.655,191.276,194.162,2886100,0.0,0.0
2021-09-28,192.751,193.083,188.686,189.368,4030200,0.0,0.0
2021-09-29,190.041,192.06,189.82,190.908,2678300,0.0,0.0
2021-09-30,190.751,191.239,186.455,186.999,3828600,0.0,0.0
2021-10-01,187.801,189.35,186.05,187.773,3016400,0.0,0.0
2021-10-04,186.981,188.594,185.819,188.52,5195600,0.0,0.0
2021-10-05,189.774,191.507,188.197,188.299,3482800,0.0,0.0
2021-10-06,187.036,189.147,186.123,188.05,3079600,0.0,0.0
2021-10-07,189.82,193.221,189.543,191.645,3001100,0.0,0.0
2021-10-08,189.516,191.516,188.465,190.041,3042000,0.0,0.0
2021-10-11,191.839,195.185,191.59,192.521,3267900,0.0,0.0
2021-10-12,193.443,195.176,193.332,193.396,2793600,0.0,0.0
2021-10-13,194.162,196.927,194.134,195.535,3275600,0.0,0.0
2021-10-14,197.582,199.628,196.752,199.527,3177100,0.0,0.0
2021-10-15,201.656,202.79,200.393,202.025,2930500,0.0,0.0
2021-10-18,201.324,205.297,201.204,204.403,2786000,0.0,0.0
2021-10-19,205.245,207.021,204.93,206.225,2976300,0.8,0.0
2021-10-20,207.234,208.437,206.022,208.168,2293700,0.0,0.0
2021-10-21,208.076,210.62,207.706,210.398,2883100,0.0,0.0
2021-10-22,210.453,212.655,210.453,211.647,2207500,0.0,0.0
2021-10-25,211.443,214.802,211.036,214.469,3018500,0.0,0.0
2021-10-26,215.662,216.18,213.247,213.775,2801000,0.0,0.0
2021-10-27,214.284,217.374,214.284,214.422,2801700,0.0,0.0
2021-10-28,215.523,217.115,213.941,214.413,2421700,0.0,0.0
2021-10-29,213.506,217.17,213.247,216.319,3316300,0.0,0.0
2021-11-01,217.411,218.243,212.979,214.404,3861500,0.0,0.0
2021-11-02,214.931,216.615,213.978,215.588,2167300,0.0,0.0
2021-11-03,215.459,217.115,214.709,216.763,2629100,0.0,0.0
2021-11-04,217.411,221.046,217.355,219.983,2508800,0.0,0.0
2021-11-05,221.111,221.361,217.457,217.91,2356500,0.0,0.0
2021-11-08,218.845,220.26,215.708,217.216,2797200,0.0,0.0
2021-11-09,217.466,219.511,215.597,216.402,2307500,0.0,0.0
2021-11-10,215.209,218.132,213.997,215.144,2402900,0.0,0.0
2021-11-11,216.782,217.161,213.988,214.931,1921300,0.0,0.0
2021-11-12,216.883,219.002,214.691,218.632,2462900,0.0,0.0
2021-11-15,218.428,219.4,216.791,217.337,2219900,0.0,0.0
2021-11-16,222.591,228.253,221.472,226.459,5223200,0.0,0.0
2021-11-17,231.306,236.117,226.893,227.337,6823900,0.0,0.0
2021-11-18,228.004,231.288,226.875,228.864,3468600,0.0,0.0
2021-11-19,229.225,231.972,227.356,230.844,3685000,0.0,0.0
2021-11-22,231.528,237.2,231.149,233.462,4460500,0.0,0.0
2021-11-23,232.343,233.758,229.993,233.055,2550600,0.0,0.0
2021-11-24,230.751,234.443,230.363,233.721,1952500,0.0,0.0
2021-11-26,230.936,233.24,228.651,229.151,1891000,0.0,0.0
2021-11-29,231.575,233.591,229.789,229.974,3209100,0.0,0.0
2021-11-30,229.215,231.695,226.209,226.283,6235900,0.0,0.0
2021-12-01,229.715,233.48,226.866,226.977,4018600,0.0,0.0
2021-12-02,228.522,232.842,227.439,231.649,3706700,0.0,0.0
2021-12-03,233.619,234.85,228.577,230.076,3972000,0.0,0.0
2021-12-06,233.592,235.294,231.676,232.38,3008500,0.0,0.0
2021-12-07,234.535,238.263,233.508,237.681,3405400,0.0,0.0
2021-12-08,237.385,239.272,235.497,237.523,3820700,0.0,0.0
2021-12-09,236.626,241.298,235.784,238.828,3812700,0.0,0.0
2021-12-10,239.068,241.909,238.43,241.816,2547700,0.0,0.0
2021-12-13,243.176,243.602,237.107,237.986,3915300,0.0,0.0
2021-12-14,236.765,237.597,231.76,233.564,5100500,0.0,0.0
2021-12-15,230.918,239.004,230.594,238.264,4939300,0.0,0.0
2021-12-16,239.827,240.077,234.156,234.285,4457200,0.0,0.0
2021-12-17,233.453,234.332,228.929,229.521,10173200,0.0,0.0
2021-12-20,226.866,227.532,224.164,227.236,3900900,0.0,0.0
2021-12-21,229.169,229.817,225.348,228.494,2963800,0.0,0.0
2021-12-22,228.614,231.242,227.708,231.01,1771900,0.0,0.0
2021-12-23,231.51,232.87,230.4,231.371,2060300,0.0,0.0
2021-12-27,232.343,234.785,232.343,234.711,1590200,0.0,0.0
2021-12-28,234.988,235.812,233.897,235.007,1531500,0.0,0.0
2021-12-29,235.923,239.189,235.877,238.291,1617500,0.0,0.0
2021-12-30,239.013,239.846,236.894,237.2,1488100,0.0,0.0
2021-12-31,236.978,240.327,236.7,239.133,1774200,0.0,0.0
2022-01-03,239.799,240.724,234.128,236.385,5302100,0.0,0.0
2022-01-04,236.506,241.307,236.469,240.364,3638200,0.0,0.0
2022-01-05,239.346,240.021,235.655,235.682,3808600,0.0,0.0
2022-01-06,238.356,239.105,235.914,238.495,3616300,0.0,0.0
2022-01-07,236.561,238.115,231.945,232.296,4945500,0.0,0.0
2022-01-10,229.336,229.53,222.564,229.151,6292400,0.0,0.0
2022-01-11,229.354,231.242,226.366,230.825,3415000,0.0,0.0
2022-01-12,232.389,235.645,231.232,231.954,2825500,0.0,0.0
2022-01-13,234.137,234.757,231.371,231.935,2243400,0.0,0.0
2022-01-14,228.79,230.085,223.396,225.182,3258500,0.0,0.0
2022-01-18,222.026,222.397,217.45,221.293,4612500,0.8,0.0
2022-01-19,222.425,223.845,217.45,217.849,4146800,0.0,0.0
2022-01-20,219.306,220.532,207.305,207.852,5946600,0.0,0.0
2022-01-21,206.887,213.347,205.597,208.864,5724400,0.0,0.0
2022-01-24,204.696,216.002,204.39,215.668,4911600,0.0,0.0
2022-01-25,211.166,215.287,208.391,213.496,4099200,0.0,0.0
2022-01-26,215.863,218.128,209.532,211.723,4349200,0.0,0.0
2022-01-27,214.099,216.429,207.871,209.709,3425800,0.0,0.0
2022-01-28,211.621,218.257,208.363,218.118,3215500,0.0,0.0
2022-01-31,217.19,220.55,215.956,220.309,4485900,0.0,0.0
2022-02-01,221.33,222.286,217.032,221.237,2723800,0.0,0.0
2022-02-02,221.478,223.428,219.473,221.942,2442900,0.0,0.0
2022-02-03,219.056,222.295,217.023,217.301,2512000,0.0,0.0
2022-02-04,217.339,217.339,209.003,212.623,3456700,0.0,0.0
2022-02-07,213.969,214.396,208.409,210.72,2990100,0.0,0.0
2022-02-08,210.888,215.918,209.644,215.12,2572400,0.0,0.0
2022-02-09,217.682,219.501,216.123,216.884,2115100,0.0,0.0
2022-02-10,214.127,216.141,209.579,211.073,3053800,0.0,0.0
2022-02-11,211.185,213.227,208.623,209.69,2192800,0.0,0.0
2022-02-14,207.704,210.72,207.1,209.727,2025700,0.0,0.0
2022-02-15,211.918,213.542,210.683,211.723,1843600,0.0,0.0
2022-02-16,210.256,211.788,207.462,210.711,2461300,0.0,0.0
2022-02-17,209.709,210.906,207.221,207.722,2482200,0.0,0.0
2022-02-18,206.943,209.514,204.594,206.701,4241500,0.0,0.0
2022-02-22,202.617,205.55,195.628,199.183,7641100,0.0,0.0
2022-02-23,206.061,211.398,198.756,199.647,8936900,0.0,0.0
2022-02-24,194.635,198.877,191.432,198.088,5749300,0.0,0.0
2022-02-25,198.886,203.917,195.117,203.443,4613300,0.0,0.0
2022-02-28,201.661,205.411,200.325,205.188,5440400,0.0,0.0
2022-03-01,205.485,208.326,204.418,205.597,3953200,0.0,0.0
2022-03-02,204.761,213.496,204.307,212.243,4513700,0.0,0.0
2022-03-03,212.67,214.155,208.901,210.034,3180700,0.0,0.0
2022-03-04,208.456,210.414,205.829,207.982,3144400,0.0,0.0
2022-03-07,207.945,211.612,206.135,206.302,4022700,0.0,0.0
2022-03-08,206.302,213.134,206.135,207.23,3725900,0.0,0.0
2022-03-09,211.612,213.746,209.393,209.662,3428500,0.0,0.0
2022-03-10,206.989,208.279,203.36,208.075,3318700,0.0,0.0
2022-03-11,207.824,211.222,206.052,206.256,2616300,0.0,0.0
2022-03-14,207.899,211.361,205.207,210.247,3607700,0.0,0.0
2022-03-15,211.444,215.668,211.175,214.48,3413600,0.0,0.0
2022-03-16,216.392,217.598,210.507,214.721,3497400,0.0,0.0
2022-03-17,213.487,217.58,211.927,217.552,3323900,0.0,0.0
2022-03-18,215.018,219.297,213.422,218.749,9149800,0.0,0.0
2022-03-21,219.52,221.256,209.486,211.259,4349200,0.0,0.0
2022-03-22,211.305,213.366,209.18,212.066,3248800,0.0,0.0
2022-03-23,210.702,211.584,204.047,205.058,3728100,0.0,0.0
2022-03-24,204.975,206.024,202.311,203.434,3399200,0.0,0.0
2022-03-25,204.882,205.096,196.213,197.633,6831700,0.0,0.0
2022-03-28,196.203,198.542,192.528,198.431,6579600,0.0,0.0
2022-03-29,202.125,205.448,200.993,203.805,4993600,0.0,0.0
2022-03-30,200.26,201.559,193.929,194.449,7090900,0.0,0.0
2022-03-31,191.999,193.753,187.488,187.673,7318500,0.0,0.0
2022-04-01,189.446,189.502,186.94,187.868,4827200,0.0,0.0
2022-04-04,187.079,189.595,185.427,189.465,5426100,0.0,0.0
2022-04-05,188.62,193.196,187.191,190.161,4707100,0.0,0.0
2022-04-06,186.754,188.286,182.522,186.244,6356100,0.0,0.0
2022-04-07,184.814,189.539,183.366,188.091,4411600,0.0,0.0
2022-04-08,186.596,192.806,186.142,191.822,5065500,0.0,0.0
2022-04-11,189.966,193.484,188.75,189.901,3576200,0.0,0.0
2022-04-12,194.004,195.47,188.796,189.483,4354700,0.0,0.0
2022-04-13,189.01,191.999,188.629,190.755,2803400,0.0,0.0
2022-04-14,191.423,192.416,186.597,186.829,4001400,0.0,0.0
2022-04-18,186.216,187.497,183.162,184.267,3800400,0.0,0.0
2022-04-19,184.686,189.663,184.248,189.225,3392900,0.8,0.0
2022-04-20,191.834,195.767,191.228,194.537,3906100,0.0,0.0
2022-04-21,196.103,196.503,190.38,191.079,3797600,0.0,0.0
2022-04-22,190.231,190.408,182.757,183.652,4216300,0.0,0.0
2022-04-25,183.642,187.081,181.424,186.746,3895900,0.0,0.0
2022-04-26,185.376,190.464,184.751,186.009,3959100,0.0,0.0
2022-04-27,185.693,189.616,185.432,185.991,3028100,0.0,0.0
2022-04-28,187.901,193.055,186.42,191.182,3250400,0.0,0.0
2022-04-29,189.644,191.219,183.67,184.276,4217600,0.0,0.0
2022-05-02,184.639,190.725,184.267,189.318,3697800,0.0,0.0
2022-05-03,188.694,190.986,186.587,187.911,3002600,0.0,0.0
2022-05-04,187.072,193.81,184.761,193.064,4452400,0.0,0.0
2022-05-05,190.036,190.688,180.352,182.589,4262900,0.0,0.0
2022-05-06,180.958,182.151,176.755,179.206,3910700,0.0,0.0
2022-05-09,176.69,184.966,175.441,182.729,3998300,0.0,0.0
2022-05-10,184.63,185.497,177.305,179.057,3638700,0.0,0.0
2022-05-11,179.719,181.909,174.556,174.994,4598000,0.0,0.0
2022-05-12,174.994,181.583,174.49,178.656,4292900,0.0,0.0
2022-05-13,178.256,183.978,177.398,180.8,2911900,0.0,0.0
2022-05-16,179.467,182.869,176.606,181.48,4405300,0.0,0.0
2022-05-17,185.385,185.898,175.087,180.828,8210000,0.0,0.0
2022-05-18,174.742,178.433,167.529,171.312,7847600,0.0,0.0
2022-05-19,170.25,178.759,170.25,175.078,5132100,0.0,0.0
2022-05-20,176.075,176.382,167.025,172.123,5722600,0.0,0.0
2022-05-23,173.81,174.118,169.048,173.577,3546700,0.0,0.0
2022-05-24,172.394,175.022,169.98,172.058,4486500,0.0,0.0
2022-05-25,170.175,176.969,169.859,175.721,3986300,0.0,0.0
2022-05-26,177.603,183.642,177.333,182.226,3337900,0.0,0.0
2022-05-27,183.335,186.075,182.543,186.047,2779200,0.0,0.0
2022-05-31,184.155,185.227,181.163,182.011,4733900,0.0,0.0
2022-06-01,183.027,183.726,178.6,178.675,3290200,0.0,0.0
2022-06-02,179.458,182.869,178.703,182.785,3359200,0.0,0.0
2022-06-03,180.772,184.481,180.101,182.151,2262700,0.0,0.0
2022-06-06,182.664,185.255,180.986,183.381,2691600,0.0,0.0
2022-06-07,177.398,182.85,176.149,182.338,3269700,0.0,0.0
2022-06-08,180.707,181.462,178.358,179.355,2775700,0.0,0.0
2022-06-09,179.038,185.217,178.843,181.061,2999500,0.0,0.0
2022-06-10,176.42,179.16,173.484,173.652,3564600,0.0,0.0
2022-06-13,169.924,171.946,167.855,168.927,3899300,0.0,0.0
2022-06-14,168.526,170.418,164.425,165.833,4037200,0.0,0.0
2022-06-15,167.193,168.703,164.304,166.83,4164200,0.0,0.0
2022-06-16,162.627,163.027,158.88,159.933,5536300,0.0,0.0
2022-06-17,159.309,163.354,158.563,160.735,8499000,0.0,0.0
2022-06-21,164.108,164.416,159.728,160.651,4753300,0.0,0.0
2022-06-22,159.682,163.437,158.545,161.788,4434100,0.0,0.0
2022-06-23,162.645,164.435,161.788,164.332,3611500,0.0,0.0
2022-06-24,165.665,170.492,165.078,170.399,5346100,0.0,0.0
2022-06-27,170.548,172.71,169.737,171.685,2829200,0.0,0.0
2022-06-28,171.928,172.981,162.692,162.832,4980300,0.0,0.0
2022-06-29,163.065,165.32,162.31,164.118,2802600,0.0,0.0
2022-06-30,160.334,164.099,159.141,162.785,4415400,0.0,0.0
2022-07-01,163.866,166.438,162.757,165.292,3095500,0.0,0.0
2022-07-05,163.139,167.697,162.608,167.641,3226300,0.0,0.0
2022-07-06,168.479,170.502,165.367,166.876,2177600,0.0,0.0
2022-07-07,167.631,169.691,166.662,169.216,2935600,0.0,0.0
2022-07-08,168.591,170.511,167.212,169.271,2024700,0.0,0.0
2022-07-11,168.889,170.548,167.436,167.855,2285100,0.0,0.0
2022-07-12,169.607,172.785,167.846,168.684,3184700,0.0,0.0
2022-07-13,166.606,171.266,165.469,169.961,2935400,0.0,0.0
2022-07-14,167.203,170.502,166.532,170.231,3261900,0.0,0.0
2022-07-15,173.074,173.475,171.443,172.412,2901400,0.0,0.0
2022-07-18,173.913,176.215,172.589,173.148,2965800,0.0,0.0
2022-07-19,174.864,177.666,173.223,176.935,2683900,1.05,0.0
2022-07-20,176.569,179.428,176.195,179.044,2427300,0.0,0.0
2022-07-21,179.241,181.621,177.535,181.415,3266100,0.0,0.0
2022-07-22,182.596,186.626,182.052,183.308,3329500,0.0,0.0
2022-07-25,183.421,183.561,181.05,182.577,2492200,0.0,0.0
2022-07-26,176.373,178.988,175.838,176.766,3647200,0.0,0.0
2022-07-27,176.86,178.913,172.174,178.003,3713900,0.0,0.0
2022-07-28,175.726,179.69,172.211,178.828,6034600,0.0,0.0
2022-07-29,177.9,180.412,176.879,179.512,4507100,0.0,0.0
2022-08-01,179.531,183.008,179.278,181.912,3349500,0.0,0.0
2022-08-02,181.143,181.265,176.082,176.157,3401800,0.0,0.0
2022-08-03,177.732,183.683,177.732,183.158,3292700,0.0,0.0
2022-08-04,183.477,186.561,183.158,184.789,3534100,0.0,0.0
2022-08-05,183.599,186.729,183.074,186.589,2409700,0.0,0.0
2022-08-08,187.451,191.491,187.245,189.175,3040800,0.0,0.0
2022-08-09,188.154,188.154,181.565,182.952,3914500,0.0,0.0
2022-08-10,186.767,189.007,186.139,188.791,4094400,0.0,0.0
2022-08-11,187.545,191.472,187.517,189.494,3337200,0.0,0.0
2022-08-12,190.591,193.637,189.072,193.515,3014100,0.0,0.0
2022-08-15,193.074,195.905,192.044,194.986,4075500,0.0,0.0
2022-08-16,193.693,203.75,193.543,200.685,5892200,0.0,0.0
2022-08-17,198.707,207.311,198.229,201.857,8082100,0.0,0.0
2022-08-18,201.613,204.406,201.107,202.888,3011800,0.0,0.0
2022-08-19,201.978,202.297,196.683,198.098,3347300,0.0,0.0
2022-08-22,196.083,199.242,195.399,196.814,4136600,0.0,0.0
2022-08-23,196.824,198.098,194.274,194.452,2533900,0.0,0.0
2022-08-24,193.834,197.339,192.868,195.333,2634300,0.0,0.0
2022-08-25,195.502,197.92,194.902,197.723,2634700,0.0,0.0
2022-08-26,198.445,199.288,188.332,188.379,3720500,0.0,0.0
2022-08-29,187.563,190.834,186.589,188.454,3273800,0.0,0.0
2022-08-30,189.757,190.544,184.086,184.845,3906900,0.0,0.0
2022-08-31,184.733,185.042,181.827,181.959,5145100,0.0,0.0
2022-09-01,181.631,183.655,180.525,183.477,3462200,0.0,0.0
2022-09-02,185.014,186.542,182.099,183.243,3165900,0.0,0.0
2022-09-06,183.861,184.461,179.25,180.853,3128800,0.0,0.0
2022-09-07,181.556,189.269,181.434,188.669,4086500,0.0,0.0
2022-09-08,188.06,191.678,186.261,191.556,3564200,0.0,0.0
2022-09-09,191.181,193.571,190.563,192.746,3176400,0.0,0.0
2022-09-12,193.074,196.28,192.606,193.449,3218700,0.0,0.0
2022-09-13,188.632,190.16,180.843,181.481,4441400,0.0,0.0
2022-09-14,182.343,182.971,178.275,180.318,3963700,0.0,0.0
2022-09-15,181.19,182.287,178.088,179.053,3309700,0.0,0.0
2022-09-16,177.141,180.956,176.907,179.775,10187800,0.0,0.0
2022-09-19,178.931,183.608,178.706,182.858,3351900,0.0,0.0
2022-09-20,180.534,181.996,176.841,178.463,3650200,0.0,0.0
2022-09-21,179.869,182.587,176.504,176.541,2925700,0.0,0.0
2022-09-22,176.204,177.872,174.807,176.316,2864500,0.0,0.0
2022-09-23,175.032,177.291,173.917,176.326,3382500,0.0,0.0
2022-09-26,176.26,178.078,174.039,174.348,2938700,0.0,0.0
2022-09-27,176.148,178.884,174.526,175.895,3866500,0.0,0.0
2022-09-28,180.375,183.205,178.21,182.324,5384900,0.0,0.0
2022-09-29,179.953,180.356,176.963,178.51,3622800,0.0,0.0
2022-09-30,177.544,179.1,174.292,176.026,6049000,0.0,0.0
2022-10-03,179.587,183.515,179.044,181.752,4346500,0.0,0.0
2022-10-04,184.611,187.132,184.011,185.033,4139100,0.0,0.0
2022-10-05,183.065,187.751,181.827,186.542,3196100,0.0,0.0
2022-10-06,185.998,189.597,185.876,187.432,3304900,0.0,0.0
2022-10-07,185.595,186.054,183.083,184.836,3466800,0.0,0.0
2022-10-10,183.655,184.602,180.618,182.671,2449700,0.0,0.0
2022-10-11,182.708,185.923,181.799,184.105,2766000,0.0,0.0
2022-10-12,185.38,185.933,181.621,181.706,2353900,0.0,0.0
2022-10-13,177.919,182.699,173.842,181.04,4851100,0.0,0.0
2022-10-14,182.615,184.602,176.888,177.104,4142800,0.0,0.0
2022-10-17,180.187,182.971,180.037,181.912,3504800,0.0,0.0
2022-10-18,184.89,187.123,181.459,182.063,3804300,1.05,0.0
2022-10-19,176.484,177.605,169.831,173.336,5362300,0.0,0.0
2022-10-20,172.818,174.712,167.239,168.022,4095600,0.0,0.0
2022-10-21,167.871,172.14,166.325,171.857,3583600,0.0,0.0
2022-10-24,172.997,177.643,172.997,176.795,3704900,0.0,0.0
2022-10-25,178.953,183.834,178.001,182.675,3245700,0.0,0.0
2022-10-26,183.033,184.334,180.253,182.392,2567200,0.0,0.0
2022-10-27,183.985,185.153,181.431,182.496,2457600,0.0,0.0
2022-10-28,182.345,188.226,181.733,187.274,3292200,0.0,0.0
2022-10-31,185.634,186.558,183.156,183.712,3550200,0.0,0.0
2022-11-01,186.586,188.226,181.196,182.392,3260100,0.0,0.0
2022-11-02,182.053,183.457,174.835,175.004,4539400,0.0,0.0
2022-11-03,170.424,172.319,168.408,169.454,4187500,0.0,0.0
2022-11-04,172.243,177.021,168.022,171.65,4623400,0.0,0.0
2022-11-07,172.988,176.974,170.604,175.805,2715300,0.0,0.0
2022-11-08,177.219,179.056,175.07,177.502,2880800,0.0,0.0
2022-11-09,176.512,180.244,175.57,175.871,3007200,0.0,0.0
2022-11-10,184.051,192.937,184.041,192.542,4837200,0.0,0.0
2022-11-11,193.267,199.081,192.721,196.971,4272500,0.0,0.0
2022-11-14,196.415,198.337,192.457,192.862,4165000,0.0,0.0
2022-11-15,194.831,199.072,192.07,196.801,5127800,0.0,0.0
2022-11-16,199.864,208.656,199.402,202.728,8173100,0.0,0.0
2022-11-17,200.25,200.712,193.531,196.386,3507800,0.0,0.0
2022-11-18,199.609,199.628,194.511,197.828,2912500,0.0,0.0
2022-11-21,198.017,198.657,196.226,198.149,2326400,0.0,0.0
2022-11-22,199.449,203.105,198.902,202.106,2845700,0.0,0.0
2022-11-23,202.823,203.265,197.913,198.855,2593800,0.0,0.0
2022-11-25,199.176,199.619,197.903,198.808,975700,0.0,0.0
2022-11-28,198.262,199.279,196.499,196.989,2202300,0.0,0.0
2022-11-29,196.009,196.622,194.709,195.51,1980900,0.0,0.0
2022-11-30,194.228,200.693,191.533,200.297,4701600,0.0,0.0
2022-12-01,202.408,204.227,200.448,203.058,2735100,0.0,0.0
2022-12-02,200.156,204.114,199.308,202.455,3242300,0.0,0.0
2022-12-05,198.752,199.411,193.559,194.294,3308400,0.0,0.0
2022-12-06,193.38,193.851,187.528,190.27,3627500,0.0,0.0
2022-12-07,191.071,197.885,190.6,194.963,3999300,0.0,0.0
2022-12-08,193.182,194.511,190.789,191.825,3150200,0.0,0.0
2022-12-09,189.413,192.815,188.659,190.139,3226900,0.0,0.0
2022-12-12,190.629,193.277,189.451,193.258,2719800,0.0,0.0
2022-12-13,204.217,205.273,196.876,199.044,4168600,0.0,0.0
2022-12-14,198.789,204.142,197.951,199.882,3727700,0.0,0.0
2022-12-15,196.584,197.63,193.644,196.028,3373900,0.0,0.0
2022-12-16,194.464,195.406,191.599,194.257,9543500,0.0,0.0
2022-12-19,193.512,194.068,190.346,191.458,2442400,0.0,0.0
2022-12-20,189.592,190.478,186.294,189.281,2372200,0.0,0.0
2022-12-21,191.232,191.882,188.725,190.76,2345400,0.0,0.0
2022-12-22,187.076,188.687,184.013,187.67,2414800,0.0,0.0
2022-12-23,186.982,190.657,185.662,190.242,1469200,0.0,0.0
2022-12-27,190.063,192.231,189.705,190.082,2076600,0.0,0.0
2022-12-28,190.318,191.769,188.122,188.527,1419900,0.0,0.0
2022-12-29,190.054,191.411,189.696,190.6,1270900,0.0,0.0
2022-12-30,188.499,188.942,185.841,187.754,2154600,0.0,0.0
2023-01-03,189.875,190.638,185.775,187.566,2602000,0.0,0.0
2023-01-04,189.818,190.685,186.124,189.78,2507400,0.0,0.0
2023-01-05,187.811,189.828,186.096,189.196,1942300,0.0,0.0
2023-01-06,189.158,190.157,183.24,189.385,3121400,0.0,0.0
2023-01-09,190.751,192.362,187.849,187.943,2748500,0.0,0.0
2023-01-10,188.395,190.044,187.095,189.79,2200800,0.0,0.0
2023-01-11,190.506,196.688,190.497,196.565,2781000,0.0,0.0
2023-01-12,198.139,199.374,194.681,198.139,2690200,0.0,0.0
2023-01-13,195.83,201.249,195.83,199.93,3875900,0.0,0.0
2023-01-17,199.939,202.587,197.187,197.442,2943800,0.0,0.0
2023-01-18,198.573,201.833,196.113,196.481,3575000,0.0,0.0
2023-01-19,195.548,195.915,189.592,190.478,3508800,0.0,0.0
2023-01-20,189.752,193.173,187.217,192.739,3517600,0.0,0.0
2023-01-23,191.788,194.982,190.157,193.286,3473500,0.0,0.0
2023-01-24,191.913,195.673,191.913,195.512,2862500,1.05,0.0
2023-01-25,193.722,195.398,191.183,195.228,2283400,0.0,0.0
2023-01-26,193.561,197.747,190.994,191.155,3426100,0.0,0.0
2023-01-27,190.814,192.68,189.857,191.799,2907900,0.0,0.0
2023-01-30,191.306,193.76,190.53,191.25,2786300,0.0,0.0
2023-01-31,192.519,197.331,191.808,197.255,3415800,0.0,0.0
2023-02-01,196.506,203.781,193.599,202.284,3363900,0.0,0.0
2023-02-02,204.643,211.52,204.577,209.862,4156800,0.0,0.0
2023-02-03,205.675,206.859,203.478,204.567,3047900,0.0,0.0
2023-02-06,202.938,205.391,202.758,204.472,2380600,0.0,0.0
2023-02-07,201.65,204.188,199.31,203.393,2552300,0.0,0.0
2023-02-08,202.9,202.9,199.926,201.527,2421100,0.0,0.0
2023-02-09,203.431,203.876,196.98,197.624,2386700,0.0,0.0
2023-02-10,196.506,197.899,195.436,197.757,1836300,0.0,0.0
2023-02-13,198.249,202.985,196.478,202.834,2364000,0.0,0.0
2023-02-14,200.835,203.762,199.992,202.474,2316600,0.0,0.0
2023-02-15,201.138,204.122,200.115,203.677,1849900,0.0,0.0
2023-02-16,199.102,204.662,198.552,202.711,2479000,0.0,0.0
2023-02-17,201.981,202.426,197.87,201.517,3462000,0.0,0.0
2023-02-21,194.432,195.976,190.596,191.193,3942900,0.0,0.0
2023-02-22,190.586,193.646,189.497,191.931,2667400,0.0,0.0
2023-02-23,191.865,192.992,188.616,191.534,2332200,0.0,0.0
2023-02-24,189.241,191.894,187.982,190.899,2163500,0.0,0.0
2023-02-27,193.542,195.588,192.699,193.456,2764800,0.0,0.0
2023-02-28,193.21,197.283,192.566,194.887,4391400,0.0,0.0
2023-03-01,194.593,194.783,181.171,184.051,9814300,0.0,0.0
2023-03-02,182.488,185.131,181.891,184.799,4096900,0.0,0.0
2023-03-03,185.443,189.961,184.761,189.185,3483200,0.0,0.0
2023-03-06,189.724,192.954,189.497,190.927,3160900,0.0,0.0
2023-03-07,191.799,191.799,186.845,186.987,3320200,0.0,0.0
2023-03-08,187.754,191.41,187.252,190.52,2670400,0.0,0.0
2023-03-09,191.42,193.277,188.057,188.541,2440300,0.0,0.0
2023-03-10,188.607,191.041,185.737,186.277,2986800,0.0,0.0
2023-03-13,185.405,190.757,184.449,187.12,3116300,0.0,0.0
2023-03-14,188.872,189.526,183.587,186.438,3909000,0.0,0.0
2023-03-15,185.5,189.867,184.335,188.105,3794100,0.0,0.0
2023-03-16,187.139,189.516,186.068,189.128,3153900,0.0,0.0
2023-03-17,189.241,190.672,185.453,186.94,7271200,0.0,0.0
2023-03-20,186.608,187.442,185.093,186.4,2405100,0.0,0.0
2023-03-21,188.02,188.275,184.875,186.4,2940400,0.0,0.0
2023-03-22,186.495,187.063,181.257,181.455,3275700,0.0,0.0
2023-03-23,182.545,182.905,178.14,179.675,3346400,0.0,0.0
2023-03-24,178.784,180.224,177.543,179.457,2692400,0.0,0.0
2023-03-27,180.035,181.806,178.926,180.47,2488400,0.0,0.0
2023-03-28,180.404,182.279,179.608,180.11,1872300,0.0,0.0
2023-03-29,180.868,181.853,179.968,181.806,2436300,0.0,0.0
2023-03-30,183.833,184.894,182.147,182.478,2157000,0.0,0.0
2023-03-31,183.842,189.658,183.426,189.412,3151600,0.0,0.0
2023-04-03,190.454,193.447,190.359,193.22,3471100,0.0,0.0
2023-04-04,192.756,193.494,190.151,192.282,2500100,0.0,0.0
2023-04-05,192.291,192.613,188.162,188.9,2417800,0.0,0.0
2023-04-06,187.66,188.948,185.178,188.086,2403300,0.0,0.0
2023-04-10,187.167,190.549,185.85,189.232,2387500,0.0,0.0
2023-04-11,190.378,192.225,190.16,190.71,2459000,0.0,0.0
2023-04-12,192.661,193.902,188.881,189.222,2665400,0.0,0.0
2023-04-13,189.222,191.183,185.879,190.833,2778700,0.0,0.0
2023-04-14,190.88,193.116,190.482,191.505,2028300,0.0,0.0
2023-04-17,191.808,194.205,191.723,194.176,2420000,0.0,0.0
2023-04-18,195.389,197.615,194.887,197.113,2685200,0.0,0.0
2023-04-19,196.232,198.013,195.37,197.804,2488700,0.0,0.0
2023-04-20,197.473,201.157,197.444,198.685,2948800,0.0,0.0
2023-04-21,200.182,201.28,198.922,199.897,2864000,0.0,0.0
2023-04-24,199.197,200.835,198.998,199.897,2758700,0.0,0.0
2023-04-25,200.849,201.087,195.89,195.985,2723700,1.05,0.0
2023-04-26,195.614,195.823,190.483,191.149,3409000,0.0,0.0
2023-04-27,190.987,194.985,190.987,194.7,2498900,0.0,0.0
2023-04-28,194.767,197.889,194.519,197.841,2451900,0.0,0.0
2023-05-01,197.841,198.879,197.184,198.213,2282100,0.0,0.0
2023-05-02,198.479,198.479,193.472,196.071,2201800,0.0,0.0
2023-05-03,196.461,200.212,195.29,195.442,2386600,0.0,0.0
2023-05-04,195.376,196.699,191.597,193.053,2375800,0.0,0.0
2023-05-05,194.243,196.594,193.538,195.918,2495600,0.0,0.0
2023-05-08,195.718,196.213,193.272,194.243,1586500,0.0,0.0
2023-05-09,194.291,197.223,193.472,197.165,2249900,0.0,0.0
2023-05-10,197.955,198.727,192.272,194.5,2715600,0.0,0.0
2023-05-11,194.195,194.614,192.139,193.529,3015600,0.0,0.0
2023-05-12,193.548,194.671,191.587,193.491,2261700,0.0,0.0
2023-05-15,192.72,193.196,189.769,191.863,2971500,0.0,0.0
2023-05-16,187.027,190.359,184.286,189.645,4683500,0.0,0.0
2023-05-17,189.788,197.46,189.198,197.242,3755900,0.0,0.0
2023-05-18,197.527,199.203,195.623,199.107,2275300,0.0,0.0
2023-05-19,198.327,198.508,195.09,196.356,2768400,0.0,0.0
2023-05-22,196.766,198.355,193.158,193.386,3537000,0.0,0.0
2023-05-23,193.082,199.669,192.71,196.718,6507500,0.0,0.0
2023-05-24,196.813,198.879,192.387,193.843,2829800,0.0,0.0
2023-05-25,193.243,194.205,191.244,191.378,3030400,0.0,0.0
2023-05-26,192.349,196.842,191.549,196.594,3072700,0.0,0.0
2023-05-30,197.051,197.47,193.986,195.814,2534100,0.0,0.0
2023-05-31,194.31,194.31,189.912,191.463,3894600,0.0,0.0
2023-06-01,191.301,194.9,187.989,194.119,2764800,0.0,0.0
2023-06-02,195.623,200.193,195.623,199.726,2834600,0.0,0.0
2023-06-05,198.289,198.574,196.356,196.842,2345700,0.0,0.0
2023-06-06,196.613,198.479,195.747,197.203,2804900,0.0,0.0
2023-06-07,198.003,201.668,198.003,201.059,3334600,0.0,0.0
2023-06-08,201.668,203.515,200.154,200.345,2409700,0.0,0.0
2023-06-09,201.106,201.325,198.736,199.069,2092700,0.0,0.0
2023-06-12,200.097,203.572,199.145,203.105,2465100,0.0,0.0
2023-06-13,204.667,207.027,203.8,206.904,3056100,0.0,0.0
2023-06-14,206.371,207.789,203.477,204.533,3080300,0.0,0.0
2023-06-15,205.428,209.046,205.419,208.408,3187000,0.0,0.0
2023-06-16,208.798,208.941,206.428,206.647,6874300,0.0,0.0
2023-06-20,205.457,206.333,204.115,205.105,3058300,0.0,0.0
2023-06-21,205.276,205.438,203.581,203.953,3364400,0.0,0.0
2023-06-22,203.515,205.019,201.449,204.495,2780900,0.0,0.0
2023-06-23,203.639,205.999,202.858,204.876,3997300,0.0,0.0
2023-06-26,205.581,208.503,205.2,207.484,2498900,0.0,0.0
2023-06-27,208.465,213.225,208.465,212.815,4223500,0.0,0.0
2023-06-28,211.568,213.377,210.902,211.825,3372600,0.0,0.0
2023-06-29,212.501,213.053,211.159,212.111,3058200,0.0,0.0
2023-06-30,213.329,215.604,212.834,214.852,3633300,0.0,0.0
2023-07-03,213.824,215.186,212.749,213.796,1498400,0.0,0.0
2023-07-05,213.624,216.042,213.348,214.652,2876400,0.0,0.0
2023-07-06,212.092,212.815,210.645,210.778,3011500,0.0,0.0
2023-07-07,210.426,213.139,210.121,211.273,2345400,0.0,0.0
2023-07-10,212.396,218.146,212.168,218.108,2536100,0.0,0.0
2023-07-11,220.155,220.155,217.861,218.403,2219700,0.0,0.0
2023-07-12,220.612,223.772,219.993,220.954,2256000,0.0,0.0
2023-07-13,221.392,222.049,217.461,218.508,1882800,0.0,0.0
2023-07-14,218.898,219.764,217.508,217.746,1535900,0.0,0.0
2023-07-17,217.718,219.041,216.328,217.013,1951500,0.0,0.0
2023-07-18,216.804,220.012,215.662,218.86,1858100,0.0,0.0
2023-07-19,218.565,221.069,218.451,219.793,1649600,0.0,0.0
2023-07-20,220.259,220.259,217.442,219.888,1959700,0.0,0.0
2023-07-21,221.278,223.724,220.583,222.544,3348400,0.0,0.0
2023-07-24,222.944,224.477,222.354,222.754,2019000,0.0,0.0
2023-07-25,222.256,224.179,221.118,223.748,1547800,1.1,0.0
2023-07-26,223.519,224.915,222.687,223.873,1720100,0.0,0.0
2023-07-27,225.795,226.876,224.188,224.666,1972800,0.0,0.0
2023-07-28,226.637,226.866,224.236,224.848,1767300,0.0,0.0
2023-07-31,224.838,225.661,222.591,224.064,2614800,0.0,0.0
2023-08-01,222.792,224.733,221.998,222.227,2029300,0.0,0.0
2023-08-02,219.75,221.845,219.291,219.492,2298100,0.0,0.0
2023-08-03,218.899,219.215,216.68,216.843,2436000,0.0,0.0
2023-08-04,214.241,216.355,212.73,213.4,2549600,0.0,0.0
2023-08-07,214.432,215.236,212.912,213.572,1902500,0.0,0.0
2023-08-08,210.415,211.745,207.948,211.286,2152100,0.0,0.0
2023-08-09,210.97,211.525,208.981,210.071,2061300,0.0,0.0
2023-08-10,211.821,213.524,209.66,211.238,1815500,0.0,0.0
2023-08-11,211.391,215.389,210.97,213.945,2356300,0.0,0.0
2023-08-14,214.595,216.604,213.906,216.049,2927400,0.0,0.0
2023-08-15,213.792,216.881,213.533,214.088,2079000,0.0,0.0
2023-08-16,214.997,216.977,212.434,212.472,1403500,0.0,0.0
2023-08-17,213.505,214.117,208.235,208.646,1791100,0.0,0.0
2023-08-18,207.986,210.368,207.154,209.794,2250500,0.0,0.0
2023-08-21,209.096,211.008,206.829,208.11,2804800,0.0,0.0
2023-08-22,212.386,217.388,211.592,215.905,4083500,0.0,0.0
2023-08-23,216.116,217.589,215.045,217.292,2390700,0.0,0.0
2023-08-24,216.91,218.966,213.247,213.256,1994800,0.0,0.0
2023-08-25,214.059,216.307,212.089,213.352,1805000,0.0,0.0
2023-08-28,214.232,215.752,211.754,213.017,1726100,0.0,0.0
2023-08-29,213.036,216.814,212.969,216.546,1800600,0.0,0.0
2023-08-30,217.589,220.793,217.283,220.276,2839600,0.0,0.0
2023-08-31,220.793,221.73,220.295,220.439,3433100,0.0,0.0
2023-09-01,222.18,223.777,221.874,222.38,2562000,0.0,0.0
2023-09-05,223.366,223.461,219.922,220.391,2569200,0.0,0.0
2023-09-06,220.209,221.118,218.813,219.607,2123900,0.0,0.0
2023-09-07,220.123,224.159,220.123,223.433,2576600,0.0,0.0
2023-09-08,222.591,223.088,220.63,221.214,2166300,0.0,0.0
2023-09-11,222.553,223.442,221.3,221.807,1657900,0.0,0.0
2023-09-12,221.682,223.662,220.343,220.401,2192600,0.0,0.0
2023-09-13,219.511,220.879,218.201,218.851,2769400,0.0,0.0
2023-09-14,220.075,221.156,218.545,220.812,2621700,0.0,0.0
2023-09-15,218.411,218.411,210.042,210.435,9188500,0.0,0.0
2023-09-18,210.502,212.137,207.747,208.235,3447200,0.0,0.0
2023-09-19,207.001,208.493,204.878,208.024,3449600,0.0,0.0
2023-09-20,208.818,209.689,205.04,205.547,2490000,0.0,0.0
2023-09-21,203.73,204.371,201.023,201.435,2959600,0.0,0.0
2023-09-22,200.411,202.028,200.115,201.32,2940100,0.0,0.0
2023-09-25,201.205,203.587,200.861,203.242,3971600,0.0,0.0
2023-09-26,201.712,202.487,199.091,199.455,2782400,0.0,0.0
2023-09-27,199.971,201.1,197.284,197.944,2860000,0.0,0.0
2023-09-28,197.819,201.224,197.312,198.728,2379000,0.0,0.0
2023-09-29,199.694,201.215,198.269,198.785,2304800,0.0,0.0
2023-10-02,198.345,199.397,195.925,196.777,2264900,0.0,0.0
2023-10-03,195.964,196.079,190.053,191.44,3532500,0.0,0.0
2023-10-04,191.602,192.387,189.823,190.895,2569500,0.0,0.0
2023-10-05,190.187,191.335,188.924,191.096,2233600,0.0,0.0
2023-10-06,189.383,193.238,188.953,190.847,2250800,0.0,0.0
2023-10-09,189.01,192.215,187.901,191.995,1649600,0.0,0.0
2023-10-10,192.492,194.931,191.545,193.917,2209700,0.0,0.0
2023-10-11,194.912,195.237,192.186,194.433,2178900,0.0,0.0
2023-10-12,194.443,194.634,188.197,188.322,2488500,0.0,0.0
2023-10-13,188.437,189.326,186.285,187.222,2220300,0.0,0.0
2023-10-16,188.8,190.569,187.681,189.613,2139900,0.0,0.0
2023-10-17,188.877,190.206,188.389,189.517,1698900,0.0,0.0
2023-10-18,187.815,187.815,184.965,185.032,2694700,0.0,0.0
2023-10-19,185.118,185.395,181.55,182.162,2944200,0.0,0.0
2023-10-20,181.904,183.406,180.47,182.201,2776100,0.0,0.0
2023-10-23,182.115,183.243,179.743,180.173,2322100,0.0,0.0
2023-10-24,181.02,182.001,178.008,179.173,2107500,1.1,0.0
2023-10-25,178.509,180.163,177.652,179.028,2406200,0.0,0.0
2023-10-26,179.856,181.356,177.499,177.72,2855500,0.0,0.0
2023-10-27,177.845,178.412,174.949,176.652,2371400,0.0,0.0
2023-10-30,177.787,181.231,176.815,180.596,2683200,0.0,0.0
2023-10-31,181.318,183.829,180.644,183.338,3181200,0.0,0.0
2023-11-01,183.925,184.906,181.539,184.031,3070100,0.0,0.0
2023-11-02,186.378,189.197,186.07,186.946,2220100,0.0,0.0
2023-11-03,187.494,189.736,186.523,187.542,2755300,0.0,0.0
2023-11-06,187.167,188.37,185.945,186.859,1920400,0.0,0.0
2023-11-07,186.888,187.792,186.08,187.196,2150300,0.0,0.0
2023-11-08,187.446,189.399,185.561,187.292,3077500,0.0,0.0
2023-11-09,185.003,187.494,183.165,183.261,3271000,0.0,0.0
2023-11-10,183.685,187.446,181.876,187.215,2381500,0.0,0.0
2023-11-13,185.676,187.052,184.81,186.484,3155700,0.0,0.0
2023-11-14,195.729,197.019,191.66,194.565,4237600,0.0,0.0
2023-11-15,194.758,198.433,194.748,197.076,2848500,0.0,0.0
2023-11-16,196.191,197.884,193.228,194.604,2705700,0.0,0.0
2023-11-17,195.575,196.422,194.575,195.97,2216300,0.0,0.0
2023-11-20,195.778,197.221,195.383,196.682,3159700,0.0,0.0
2023-11-21,190.024,194.084,189.159,190.544,5880600,0.0,0.0
2023-11-22,190.958,192.122,189.245,190.948,3232400,0.0,0.0
2023-11-24,190.486,191.843,188.783,191.516,1322200,0.0,0.0
2023-11-27,190.852,193.315,190.342,192.237,2345700,0.0,0.0
2023-11-28,191.968,193.382,190.467,192.458,2651100,0.0,0.0
2023-11-29,193.44,194.017,192.083,192.333,2119000,0.0,0.0
2023-11-30,192.584,192.622,188.87,191.285,3812100,0.0,0.0
2023-12-01,191.641,196.605,190.987,196.182,2965600,0.0,0.0
2023-12-04,196.018,200.848,195.989,199.674,3429700,0.0,0.0
2023-12-05,197.904,199.01,196.114,198.106,2552100,0.0,0.0
2023-12-06,199.145,201.8,199.145,200.78,2595400,0.0,0.0
2023-12-07,201.04,201.232,199.53,200.395,3069300,0.0,0.0
2023-12-08,200.164,200.549,198.356,199.943,2210400,0.0,0.0
2023-12-11,200.318,201.232,198.481,198.51,3390100,0.0,0.0
2023-12-12,198.962,200.934,198.029,200.78,3552100,0.0,0.0
2023-12-13,200.848,207.38,198.26,207.274,5170100,0.0,0.0
2023-12-14,212.055,217.366,211.69,216.981,7636600,0.0,0.0
2023-12-15,216.769,218.386,215.278,217.029,9581200,0.0,0.0
2023-12-18,217.606,218.386,215.028,215.557,3132400,0.0,0.0
2023-12-19,216.106,217.741,215.99,216.866,3101100,0.0,0.0
2023-12-20,214.037,216.202,212.844,213.585,3727300,0.0,0.0
2023-12-21,215.298,215.923,213.797,215.067,2640200,0.0,0.0
2023-12-22,215.538,216.539,213.566,214.538,2368800,0.0,0.0
2023-12-26,214.441,215.211,214.182,214.364,1656400,0.0,0.0
2023-12-27,214.076,214.884,213.306,214.432,1449300,0.0,0.0
2023-12-28,214.932,214.942,213.547,214.441,1543400,0.0,0.0
2023-12-29,214.48,215.48,212.556,214.105,2631400,0.0,0.0
2024-01-02,211.892,214.153,210.17,210.353,3277800,0.0,0.0
2024-01-03,208.159,208.669,204.08,204.215,3285400,0.0,0.0
2024-01-04,203.859,205.234,203.079,203.205,2487000,0.0,0.0
2024-01-05,202.627,206.197,202.435,204.446,2577900,0.0,0.0
2024-01-08,205.052,209.169,204.571,208.9,2462700,0.0,0.0
2024-01-09,207.216,209.275,207.159,208.775,2025000,0.0,0.0
2024-01-10,209.487,212.19,209.391,211.853,2311300,0.0,0.0
2024-01-11,211.767,212.479,209.862,211.805,1864800,0.0,0.0
2024-01-12,211.901,212.671,209.804,210.603,1603900,0.0,0.0
2024-01-16,210.747,212.229,209.439,212.065,2594400,0.0,0.0
2024-01-17,210.67,212.613,208.265,209.775,2824000,0.0,0.0
2024-01-18,210.689,211.863,207.64,209.949,3121900,0.0,0.0
2024-01-19,210.285,213.152,208.631,211.661,2851900,0.0,0.0
2024-01-22,209.544,212.007,208.063,211.517,2540800,0.0,0.0
2024-01-23,211.517,211.517,206.76,207.369,2375900,1.1,0.0
2024-01-24,208.036,208.171,203.433,203.579,3514800,0.0,0.0
2024-01-25,204.565,205.677,202.612,205.058,2892100,0.0,0.0
2024-01-26,205.29,205.957,203.801,204.961,1912600,0.0,0.0
2024-01-29,204.768,205.657,202.863,204.826,2194700,0.0,0.0
2024-01-30,203.888,209.206,203.143,207.417,2742500,0.0,0.0
2024-01-31,207.988,209.409,205.667,205.793,3429300,0.0,0.0
2024-02-01,205.967,213.257,205.338,212.938,3265400,0.0,0.0
2024-02-02,210.337,213.625,205.474,212.223,3304900,0.0,0.0
2024-02-05,210.134,211.101,207.765,210.792,2303700,0.0,0.0
2024-02-06,210.588,212.638,209.061,210.898,2147500,0.0,0.0
2024-02-07,212.058,214.988,211.633,214.35,3303000,0.0,0.0
2024-02-08,214.649,216.187,211.99,213.093,1909700,0.0,0.0
2024-02-09,213.499,214.949,211.913,214.901,1359100,0.0,0.0
2024-02-12,218.875,223.293,218.401,222.249,3258400,0.0,0.0
2024-02-13,217.482,220.267,216.245,217.966,3388600,0.0,0.0
2024-02-14,218.517,219.648,215.491,219.416,2002100,0.0,0.0
2024-02-15,220.209,221.041,218.894,220.77,1925100,0.0,0.0
2024-02-16,219.745,221.36,217.908,219.339,2388400,0.0,0.0
2024-02-20,215.607,218.933,214.427,218.043,2580100,0.0,0.0
2024-02-21,218.237,220.547,217.579,220.248,1700000,0.0,0.0
2024-02-22,220.76,223.632,220.093,222.878,2115700,0.0,0.0
2024-02-23,223.787,225.372,223.506,224.86,2112600,0.0,0.0
2024-02-26,225.266,226.474,223.332,223.661,2928000,0.0,0.0
2024-02-27,224.734,231.56,222.404,227.596,5076700,0.0,0.0
2024-02-28,230.12,233.446,229.491,230.893,3288600,0.0,0.0
2024-02-29,231.058,233.397,230.651,232.701,3107400,0.0,0.0
2024-03-01,232.314,236.975,231.821,236.588,2712300,0.0,0.0
2024-03-04,236.134,237.168,234.016,234.084,2321500,0.0,0.0
2024-03-05,233.755,234.983,232.16,232.846,2514600,0.0,0.0
2024-03-06,233.339,234.442,231.918,233.136,2367600,0.0,0.0
2024-03-07,234.113,236.066,233.426,233.716,1792900,0.0,0.0
2024-03-08,233.61,235.911,233.513,233.939,1502900,0.0,0.0
2024-03-11,233.33,234.142,231.009,232.982,2058900,0.0,0.0
2024-03-12,233.687,236.375,233.127,235.205,2095300,0.0,0.0
2024-03-13,236.153,240.32,236.153,239.218,2238000,0.0,0.0
2024-03-14,238.493,239.595,234.461,236.53,2492700,0.0,0.0
2024-03-15,236.143,239.063,235.544,236.627,5692800,0.0,0.0
2024-03-18,237.565,238.174,234.964,235.418,2480900,0.0,0.0
2024-03-19,236.404,239.982,236.375,239.808,2408400,0.0,0.0
2024-03-20,240.311,244.062,239.228,243.617,1882600,0.0,0.0
2024-03-21,244.584,252.687,244.575,252.358,3418500,0.0,0.0
2024-03-22,252.484,253.799,249.815,249.941,2493200,0.0,0.0
2024-03-25,250.154,250.869,245.329,245.59,2024600,0.0,0.0
2024-03-26,245.077,246.595,242.96,243.095,3048900,0.0,0.0
2024-03-27,244.014,244.971,242.921,244.942,2351900,0.0,0.0
2024-03-28,244.439,246.837,242.67,246.296,2631200,0.0,0.0
2024-04-01,244.961,246.866,240.291,241.026,2363000,0.0,0.0
2024-04-02,238.125,238.841,235.418,236.356,2819700,0.0,0.0
2024-04-03,233.078,236.056,232.527,232.73,3144500,0.0,0.0
2024-04-04,235.496,237.226,229.936,230.129,2343600,0.0,0.0
2024-04-05,230.12,232.469,229.955,231.396,1680700,0.0,0.0
2024-04-08,230.371,234.683,230.091,234.558,2389200,0.0,0.0
2024-04-09,235.718,236.704,232.904,236.298,2126100,0.0,0.0
2024-04-10,230.255,231.367,227.287,229.307,2955100,0.0,0.0
2024-04-11,231.087,232.334,225.469,227.644,2494600,0.0,0.0
2024-04-12,225.643,226.175,223.1,224.367,2117400,0.0,0.0
2024-04-15,226.987,227.074,221.582,222.394,1933100,0.0,0.0
2024-04-16,221.35,222.24,219.793,220.789,2201000,0.0,0.0
2024-04-17,222.617,223.245,219.716,221.282,1982300,0.0,0.0
2024-04-18,222.259,224.599,220.016,221.215,1993100,0.0,0.0
2024-04-19,221.891,224.425,221.311,222.617,2112200,0.0,0.0
2024-04-22,224.057,225.324,221.959,223.574,1872800,0.0,0.0
2024-04-23,224.642,227.538,223.661,226.906,2189900,1.1,0.0
2024-04-24,225.585,225.75,222.311,223.729,1485100,0.0,0.0
2024-04-25,221.281,224.079,218.279,223.409,1996800,0.0,0.0
2024-04-26,223.418,226.595,223.175,223.321,2001200,0.0,0.0
2024-04-29,223.457,225.245,223.292,224.361,1527300,0.0,0.0
2024-04-30,223.447,224.691,221.203,221.495,2435200,0.0,0.0
2024-05-01,220.892,224.409,219.047,221.038,1713900,0.0,0.0
2024-05-02,223.574,223.671,219.931,223.039,1672800,0.0,0.0
2024-05-03,226.945,231.365,225.371,225.517,1834700,0.0,0.0
2024-05-06,228.14,228.256,224.604,225.099,1714000,0.0,0.0
2024-05-07,225.837,228.14,224.633,224.866,1912500,0.0,0.0
2024-05-08,223.039,226.372,222.476,225.459,1689200,0.0,0.0
2024-05-09,225.468,230.209,225.468,229.403,1652700,0.0,0.0
2024-05-10,229.053,230.578,227.751,228.334,1336700,0.0,0.0
2024-05-13,229.568,230.131,225.089,226.343,1983700,0.0,0.0
2024-05-14,226.226,228.451,223.311,224.982,2763200,0.0,0.0
2024-05-15,228.383,230.559,228.14,229.354,2103600,0.0,0.0
2024-05-16,227.683,228.286,225.118,225.643,1847300,0.0,0.0
2024-05-17,226.041,226.411,223.593,224.526,1968800,0.0,0.0
2024-05-20,223.652,224.497,221.738,222.641,2684400,0.0,0.0
2024-05-21,225.196,225.196,215.102,218.454,5397700,0.0,0.0
2024-05-22,217.774,219.008,213.936,214.83,2769800,0.0,0.0
2024-05-23,215.442,215.53,210.643,211.284,2636600,0.0,0.0
2024-05-24,211.537,212.052,208.632,209.079,2632200,0.0,0.0
2024-05-28,208.661,210.624,207.874,209.234,3072400,0.0,0.0
2024-05-29,207.544,208.506,206.718,208.166,2359800,0.0,0.0
2024-05-30,209.176,210.575,207.35,209.322,2778100,0.0,0.0
2024-05-31,210.332,215.112,209.875,214.986,4598400,0.0,0.0
2024-06-03,213.431,214.723,209.846,210.556,2480500,0.0,0.0
2024-06-04,209.166,212.11,208.982,210.361,2291200,0.0,0.0
2024-06-05,210.614,213.392,209.613,213.217,1727900,0.0,0.0
2024-06-06,212.984,213.927,211.78,212.227,2033900,0.0,0.0
2024-06-07,210.128,212.013,208.632,210.497,1602400,0.0,0.0
2024-06-10,210.284,212.168,209.943,211.887,1851500,0.0,0.0
2024-06-11,211.634,212.304,208.885,212.129,1910100,0.0,0.0
2024-06-12,215.501,220.523,215.501,218.609,3609500,0.0,0.0
2024-06-13,219.532,220.922,217.016,220.397,2116600,0.0,0.0
2024-06-14,218.405,219.319,215.112,216.987,1936600,0.0,0.0
2024-06-17,216.025,220.756,215.297,220.31,1700800,0.0,0.0
2024-06-18,221.028,222.67,220.484,221.281,2072900,0.0,0.0
2024-06-20,220.339,221.864,218.687,221.048,2377800,0.0,0.0
2024-06-21,221.194,223.545,220.096,222.078,3627300,0.0,0.0
2024-06-24,222.243,223.457,221.262,221.883,3463000,0.0,0.0
2024-06-25,220.339,220.591,210.798,211.061,3892000,0.0,0.0
2024-06-26,210.293,212.916,209.72,212.547,2601200,0.0,0.0
2024-06-27,213.295,214.043,211.867,213.538,2654600,0.0,0.0
2024-06-28,213.898,215.248,212.149,214.179,12630400,0.0,0.0
2024-07-01,213.188,214.218,207.398,207.476,2569200,0.0,0.0
2024-07-02,206.631,208.729,205.766,207.612,2173700,0.0,0.0
2024-07-03,209.681,210.818,206.98,207.223,1423500,0.0,0.0
2024-07-05,206.631,208.719,206.475,207.796,1907400,0.0,0.0
2024-07-08,208.875,212.081,208.671,210.964,2947500,0.0,0.0
2024-07-09,209.817,211.002,209.079,210.167,2571700,0.0,0.0
2024-07-10,211.372,214.616,210.711,214.451,2007000,0.0,0.0
2024-07-11,219.183,223.428,217.172,223.205,3006900,0.0,0.0
2024-07-12,224.536,231.278,223.778,227.411,3180600,0.0,0.0
2024-07-15,227.334,228.392,224.06,225.556,2074600,0.0,0.0
2024-07-16,226.187,234.144,225.488,234.105,2356500,0.0,0.0
2024-07-17,232.628,238.632,230.967,236.116,3958800,0.0,0.0
2024-07-18,235.057,239.934,231.132,232.551,2606700,0.0,0.0
2024-07-19,232.58,234.163,231.074,231.725,2739300,0.0,0.0
2024-07-22,232.628,234.523,229.83,233.425,2308500,0.0,0.0
2024-07-23,234.222,235.086,230.753,231.521,2211000,0.0,0.0
2024-07-24,230.867,233.405,225.947,226.161,2756800,1.15,0.0
2024-07-25,226.308,233.005,225.546,229.188,2142600,0.0,0.0
2024-07-26,230.632,236.753,230.457,233.19,1942500,0.0,0.0
2024-07-29,232.604,235.25,231.687,234.098,2082300,0.0,0.0
2024-07-30,234.479,236.617,232.634,235.66,1782500,0.0,0.0
2024-07-31,236.87,243.069,235.504,239.672,3054700,0.0,0.0
2024-08-01,240.961,242.367,233.337,235.621,2022800,0.0,0.0
2024-08-02,232.604,234.801,229.607,234.703,2258800,0.0,0.0
2024-08-05,230.71,235.26,227.206,231.384,3058000,0.0,0.0
2024-08-06,230.066,238.403,230.066,234.928,2319500,0.0,0.0
2024-08-07,235.953,237.554,225.605,226.083,3355400,0.0,0.0
2024-08-08,226.669,231.179,225.507,230.71,2084300,0.0,0.0
2024-08-09,230.174,232.097,228.729,230.222,1675500,0.0,0.0
2024-08-12,229.168,229.168,223.926,225.576,2592300,0.0,0.0
2024-08-13,223.36,231.16,222.217,230.574,2860800,0.0,0.0
2024-08-14,230.222,233.952,230.193,231.989,2098500,0.0,0.0
2024-08-15,236.519,237.163,232.595,234.352,3029400,0.0,0.0
2024-08-16,234.713,236.402,233.454,235.416,1725700,0.0,0.0
2024-08-19,236.499,237.749,234.44,237.427,2708600,0.0,0.0
2024-08-20,234.293,240.024,232.975,234.615,3910400,0.0,0.0
2024-08-21,235.758,236.929,234.147,236.607,2676500,0.0,0.0
2024-08-22,237.222,237.534,233.991,234.596,1979900,0.0,0.0
2024-08-23,235.904,245.256,235.113,244.124,2685400,0.0,0.0
2024-08-26,245.891,247.179,244.173,244.544,2790500,0.0,0.0
2024-08-27,243.919,243.987,241.742,242.659,1772500,0.0,0.0
2024-08-28,242.572,244.475,241.049,243.021,1372000,0.0,0.0
2024-08-29,244.055,244.788,240.531,240.902,1612900,0.0,0.0
2024-08-30,241.957,243.138,239.565,242.591,2586900,0.0,0.0
2024-09-03,241.322,243.509,237.827,239.623,2460200,0.0,0.0
2024-09-04,239.038,239.994,236.343,239.614,2094700,0.0,0.0
2024-09-05,240.492,240.492,235.845,238.305,2083100,0.0,0.0
2024-09-06,239.028,241.576,237.359,238.013,1889700,0.0,0.0
2024-09-09,239.418,239.897,236.578,238.911,1823000,0.0,0.0
2024-09-10,238.657,242.474,236.841,241.498,2112900,0.0,0.0
2024-09-11,239.233,241.947,234.293,241.498,1841500,0.0,0.0
2024-09-12,242.679,246.203,241.634,246.057,2222400,0.0,0.0
2024-09-13,246.974,251.289,246.603,249.337,2118100,0.0,0.0
2024-09-16,250.938,251.992,248.175,250.538,1591300,0.0,0.0
2024-09-17,250.294,253.32,249.913,250.616,1343500,0.0,0.0
2024-09-18,251.016,255.741,249.473,250.528,1625200,0.0,0.0
2024-09-19,254.686,256.043,253.378,254.794,2261300,0.0,0.0
2024-09-20,253.115,255.331,251.816,253.954,4470300,0.0,0.0
2024-09-23,254.599,256.219,252.139,256.053,2131000,0.0,0.0
2024-09-24,259.021,261.715,257.186,259.714,3414100,0.0,0.0
2024-09-25,259.821,260.261,257.644,258.669,1815500,0.0,0.0
2024-09-26,259.812,260.388,253.125,259.294,2254500,0.0,0.0
2024-09-27,261.383,262.321,259.421,260.788,1852300,0.0,0.0
2024-09-30,262.047,264.82,260.72,264.41,2032800,0.0,0.0
2024-10-01,263.59,267.641,261.842,266.157,2552400,0.0,0.0
2024-10-02,265.318,266.411,264.312,265.396,2244200,0.0,0.0
2024-10-03,265.025,265.825,262.233,263.785,1634600,0.0,0.0
2024-10-04,263.58,264.029,256.903,261.393,2245600,0.0,0.0
2024-10-07,258.845,263.492,257.322,262.155,2302100,0.0,0.0
2024-10-08,264.048,267.739,263.394,266.772,1947900,0.0,0.0
2024-10-09,271.487,271.487,266.782,270.589,2431000,0.0,0.0
2024-10-10,266.333,268.51,264.546,266.714,1714400,0.0,0.0
2024-10-11,267.495,270.15,267.495,269.203,1303600,0.0,0.0
2024-10-14,269.135,274.709,268.959,274.055,1760300,0.0,0.0
2024-10-15,275.216,280.185,274.679,275.129,2369100,0.0,0.0
2024-10-16,274.406,277.637,274.133,277.296,1754900,0.0,0.0
2024-10-17,277.247,278.457,274.328,274.621,1574200,0.0,0.0
2024-10-18,275.099,275.665,272.454,274.943,2031100,0.0,0.0
2024-10-21,273.908,275.978,269.115,270.257,2438300,0.0,0.0
2024-10-22,265.552,266.919,261.793,265.747,3102500,0.0,0.0
2024-10-23,265.345,267.257,263.953,264.806,2109400,1.15,0.0
2024-10-24,265.384,267.031,264.492,266.031,2025900,0.0,0.0
2024-10-25,265.159,265.855,261.032,262.384,1788000,0.0,0.0
2024-10-28,264.894,265.865,262.345,262.708,2140300,0.0,0.0
2024-10-29,258.032,259.865,255.404,257.806,2311100,0.0,0.0
2024-10-30,257.375,260.228,255.1,256.257,2356300,0.0,0.0
2024-10-31,256.267,258.365,255.836,256.689,2950700,0.0,0.0
2024-11-01,260.335,261.532,256.434,256.796,2262400,0.0,0.0
2024-11-04,257.257,262.316,257.228,259.777,1741700,0.0,0.0
2024-11-05,258.875,263.982,258.875,263.894,1562500,0.0,0.0
2024-11-06,260.924,260.924,252.198,256.591,4439300,0.0,0.0
2024-11-07,257.63,261.894,257.345,261.071,1972500,0.0,0.0
2024-11-08,263.698,266.561,262.649,265.777,2102400,0.0,0.0
2024-11-11,268.169,270.874,266.943,269.12,2252100,0.0,0.0
2024-11-12,270.335,271.335,264.149,264.6,2634600,0.0,0.0
2024-11-13,267.365,268.914,265.502,266.973,1819900,0.0,0.0
2024-11-14,267.306,268.022,264.512,265.041,2324000,0.0,0.0
2024-11-15,264.6,266.61,263.188,264.11,2264000,0.0,0.0
2024-11-18,263.159,268.247,262.081,266.433,2600600,0.0,0.0
2024-11-19,257.924,259.786,253.385,254.169,4214000,0.0,0.0
2024-11-20,254.208,258.483,253.865,257.865,2864200,0.0,0.0
2024-11-21,258.875,260.473,257.11,260.012,1844800,0.0,0.0
2024-11-22,260.884,261.669,257.757,259.483,2410900,0.0,0.0
2024-11-25,263.659,270.208,263.218,269.914,3691700,0.0,0.0
2024-11-26,269.237,269.384,265.649,269.08,2422300,0.0,0.0
2024-11-27,269.747,270.963,267.208,267.825,2263800,0.0,0.0
2024-11-29,267.355,268.786,266.59,267.08,1526400,0.0,0.0
2024-12-02,268.071,268.423,264.159,266.708,2202700,0.0,0.0
2024-12-03,267.561,270.021,264.639,269.002,2459100,0.0,0.0
2024-12-04,267.071,268.737,264.953,266.924,2081000,0.0,0.0
2024-12-05,266.296,267.473,264.247,264.767,1959800,0.0,0.0
2024-12-06,266.551,271.492,265.806,268.061,1745700,0.0,0.0
2024-12-09,268.62,275.129,267.355,268.767,2647000,0.0,0.0
2024-12-10,267.129,267.571,263.316,264.806,2214700,0.0,0.0
2024-12-11,266.031,267.982,261.992,262.639,3297100,0.0,0.0
2024-12-12,263.051,263.12,257.885,258.326,2391600,0.0,0.0
2024-12-13,257.963,259.551,256.924,257.238,1999300,0.0,0.0
2024-12-16,257.61,258.826,254.845,254.993,1964600,0.0,0.0
2024-12-17,253.365,254.865,251.287,252.689,2402100,0.0,0.0
2024-12-18,252.355,254.542,244.738,244.905,3084400,0.0,0.0
2024-12-19,244.11,245.708,239.346,239.718,4159000,0.0,0.0
2024-12-20,239.738,244.316,239.209,242.856,5693100,0.0,0.0
2024-12-23,241.414,243.052,240.414,242.512,2079000,0.0,0.0
2024-12-24,243.11,245.307,242.346,245.307,992100,0.0,0.0
2024-12-26,243.365,245.228,242.954,244.532,1435200,0.0,0.0
2024-12-27,243.473,245.169,242.444,243.463,1581100,0.0,0.0
2024-12-30,243.032,243.061,239.728,241.885,1622800,0.0,0.0
